w1,w2,预估支用率,单位成本支用率,预估成本,,奖品ID,奖品名称,奖品类型,成本,权重参数,DNN rank top1人数,决策与实际一致人数,same组支用人数,平均投放支用率,,,,,,,,
0.0526,0.0000,0.01317530782,0.00210818572,6.2496,,,,,,,,,,,,,,,,,,
0.1053,0.0000,0.01317530782,0.00210818572,6.2496,,,,,,,,,,,,,,,,,,
0.1579,0.0000,0.01317530782,0.00210818572,6.2496,,,,,,,,,,,,,,,,,,
0.2105,0.0000,0.01317530782,0.00210818572,6.2496,,,,,,,,,,,,,,,,,,
0.2632,0.0000,0.01317530782,0.00210818572,6.2496,,,,,,,,,,,,,,,,,,
0.3158,0.0000,0.01317530782,0.00210818572,6.2496,,,,,,,,,,,,,,,,,,
0.3684,0.0000,0.01317530782,0.00210818572,6.2496,,,,,,,,,,,,,,,,,,
0.4211,0.0000,0.01317530782,0.00210818572,6.2496,,,,,,,,,,,,,,,,,,
0.4737,0.0000,0.01317530782,0.00210818572,6.2496,,,,,,,,,,,,,,,,,,
0.5263,0.0000,0.01317530782,0.00210818572,6.2496,,,,,,,,,,,,,,,,,,
0.5789,0.0000,0.01317530782,0.00210818572,6.2496,,,,,,,,,,,,,,,,,,
0.6316,0.0000,0.01317530782,0.00210818572,6.2496,,,,,,,,,,,,,,,,,,
0.6842,0.0000,0.01317530782,0.00210818572,6.2496,,,,,,,,,,,,,,,,,,
0.7368,0.0000,0.01317530782,0.00210818572,6.2496,,,,,,,,,,,,,,,,,,
0.7895,0.0000,0.01317530782,0.00210818572,6.2496,,,,,,,,,,,,,,,,,,
0.8421,0.0000,0.01317530782,0.00210818572,6.2496,,,,,,,,,,,,,,,,,,
0.8947,0.0000,0.01317530782,0.00210818572,6.2496,,,,,,,,,,,,,,,,,,
0.9474,0.0000,0.01317530782,0.00210818572,6.2496,,,,,,,,,,,,,,,,,,
1.0000,0.0000,0.01317530782,0.00210818572,6.2496,,,,,,,,,,,,,,,,,,
0.6316,0.0526,0.01316309625,0.00210647673,6.2489,,,,,,,,,,,,,,,,,,
0.2105,0.0526,0.01314626795,0.00210443580,6.2469,,,,,,,,,,,,,,,,,,
0.4211,0.1053,0.01314626795,0.00210443580,6.2469,,,,,,,,,,,,,,,,,,
0.6316,0.1579,0.01314626795,0.00210443580,6.2469,,,,,,,,,,,,,,,,,,
0.8421,0.2105,0.01314626795,0.00210443580,6.2469,,,,,,,,,,,,,,,,,,
0.5789,0.0526,0.01314074679,0.00210301000,6.2485,,,,,,,,,,,,,,,,,,
0.6842,0.0526,0.01313937206,0.00210266309,6.2489,,,,,,,,,,,,,,,,,,
0.7368,0.0526,0.01313738764,0.00210232356,6.2490,,,,,,,,,,,,,,,,,,
0.3684,0.0526,0.01313668603,0.00210241383,6.2484,,,,,,,,,,,,,,,,,,
0.7368,0.1053,0.01313668603,0.00210241383,6.2484,,,,,,,,,,,,,,,,,,
0.7895,0.0526,0.01313057571,0.00210121885,6.2490,,,,,,,,,,,,,,,,,,
0.7895,0.1053,0.01312990205,0.00210131592,6.2484,,,,,,,,,,,,,,,,,,
1.0000,0.2632,0.01312636356,0.00210128369,6.2468,,,,,,,,,,,,,,,,,,
0.8947,0.0526,0.01312622976,0.00210048682,6.2491,,,,,,,,,,,,,,,,,,
0.9474,0.0526,0.01312292706,0.00209995100,6.2492,,,,,,,,,,,,,,,,,,
0.7368,0.2632,0.01312212815,0.00210077396,6.2463,,,,,,,,,,,,,,,,,,
0.8947,0.3158,0.01312212815,0.00210077396,6.2463,,,,,,,,,,,,,,,,,,
1.0000,0.0526,0.01312198480,0.00209979778,6.2492,,,,,,,,,,,,,,,,,,
1.0000,0.1579,0.01312120766,0.00209994641,6.2484,,,,,,,,,,,,,,,,,,
0.6842,0.1053,0.01312120711,0.00209994632,6.2484,,,,,,,,,,,,,,,,,,
0.8421,0.0526,0.01312101690,0.00209966970,6.2491,,,,,,,,,,,,,,,,,,
0.8947,0.1053,0.01312012523,0.00209971954,6.2485,,,,,,,,,,,,,,,,,,
0.9474,0.2632,0.01311972261,0.00210024254,6.2468,,,,,,,,,,,,,,,,,,
0.5263,0.0526,0.01311890341,0.00209952156,6.2485,,,,,,,,,,,,,,,,,,
0.4737,0.0526,0.01311646940,0.00209912716,6.2485,,,,,,,,,,,,,,,,,,
0.9474,0.1053,0.01311646940,0.00209912716,6.2485,,,,,,,,,,,,,,,,,,
1.0000,0.1053,0.01311646798,0.00209912693,6.2485,,,,,,,,,,,,,,,,,,
0.5789,0.1579,0.01311636748,0.00209969813,6.2468,,,,,,,,,,,,,,,,,,
0.5789,0.2105,0.01311256579,0.00209925771,6.2463,,,,,,,,,,,,,,,,,,
0.7895,0.2105,0.01311189396,0.00209897225,6.2468,,,,,,,,,,,,,,,,,,
0.4211,0.1579,0.01311187984,0.00209918689,6.2462,,,,,,,,,,,,,,,,,,
0.8421,0.3158,0.01311187984,0.00209918689,6.2462,,,,,,,,,,,,,,,,,,
0.1579,0.0526,0.01310886831,0.00209861215,6.2464,,,,,,,,,,,,,,,,,,
0.3158,0.1053,0.01310886831,0.00209861215,6.2464,,,,,,,,,,,,,,,,,,
0.4737,0.1579,0.01310886831,0.00209861215,6.2464,,,,,,,,,,,,,,,,,,
0.6316,0.2105,0.01310886831,0.00209861215,6.2464,,,,,,,,,,,,,,,,,,
0.7895,0.2632,0.01310886831,0.00209861215,6.2464,,,,,,,,,,,,,,,,,,
0.9474,0.3158,0.01310886831,0.00209861215,6.2464,,,,,,,,,,,,,,,,,,
0.4211,0.0526,0.01310855754,0.00209789749,6.2484,,,,,,,,,,,,,,,,,,
0.8421,0.1053,0.01310855754,0.00209789749,6.2484,,,,,,,,,,,,,,,,,,
1.0000,0.3684,0.01310456049,0.00209799234,6.2462,,,,,,,,,,,,,,,,,,
0.3158,0.0526,0.01310069713,0.00209667603,6.2483,,,,,,,,,,,,,,,,,,
0.6316,0.1053,0.01310069713,0.00209667603,6.2483,,,,,,,,,,,,,,,,,,
0.9474,0.1579,0.01310069713,0.00209667603,6.2483,,,,,,,,,,,,,,,,,,
1.0000,0.3158,0.01309618621,0.00209655509,6.2465,,,,,,,,,,,,,,,,,,
0.8421,0.2632,0.01309388038,0.00209618108,6.2465,,,,,,,,,,,,,,,,,,
0.6842,0.2105,0.01308505320,0.00209474930,6.2466,,,,,,,,,,,,,,,,,,
0.8947,0.1579,0.01307886880,0.00209320929,6.2482,,,,,,,,,,,,,,,,,,
0.5263,0.1579,0.01307853185,0.00209369155,6.2466,,,,,,,,,,,,,,,,,,
0.7368,0.1579,0.01307140058,0.00209206748,6.2481,,,,,,,,,,,,,,,,,,
1.0000,0.2105,0.01306878964,0.00209164474,6.2481,,,,,,,,,,,,,,,,,,
0.8947,0.2632,0.01306616516,0.00209170938,6.2466,,,,,,,,,,,,,,,,,,
0.2632,0.0526,0.01306226201,0.00209058786,6.2481,,,,,,,,,,,,,,,,,,
0.5263,0.1053,0.01306226201,0.00209058786,6.2481,,,,,,,,,,,,,,,,,,
0.7895,0.1579,0.01306226201,0.00209058786,6.2481,,,,,,,,,,,,,,,,,,
0.3684,0.1053,0.01305675321,0.00209018244,6.2467,,,,,,,,,,,,,,,,,,
0.7368,0.2105,0.01305675321,0.00209018244,6.2467,,,,,,,,,,,,,,,,,,
0.6842,0.2632,0.01305409326,0.00208996934,6.2461,,,,,,,,,,,,,,,,,,
0.4737,0.1053,0.01305134051,0.00208888598,6.2480,,,,,,,,,,,,,,,,,,
0.9474,0.2105,0.01305134051,0.00208888598,6.2480,,,,,,,,,,,,,,,,,,
0.8421,0.1579,0.01304790374,0.00208826318,6.2482,,,,,,,,,,,,,,,,,,
0.5789,0.1053,0.01304398776,0.00208762918,6.2482,,,,,,,,,,,,,,,,,,
0.9474,0.3684,0.01302936925,0.00208603765,6.2460,,,,,,,,,,,,,,,,,,
0.6842,0.1579,0.01302736619,0.00208506096,6.2480,,,,,,,,,,,,,,,,,,
0.8947,0.2105,0.01297963061,0.00207743283,6.2479,,,,,,,,,,,,,,,,,,
0.2632,0.1053,0.01293209304,0.00207062374,6.2455,,,,,,,,,,,,,,,,,,
0.5263,0.2105,0.01293209304,0.00207062374,6.2455,,,,,,,,,,,,,,,,,,
0.7895,0.3158,0.01293209304,0.00207062374,6.2455,,,,,,,,,,,,,,,,,,
0.5789,0.2632,0.01292590404,0.00206997010,6.2445,,,,,,,,,,,,,,,,,,
0.8947,0.4211,0.01291005228,0.00206757646,6.2441,,,,,,,,,,,,,,,,,,
0.4737,0.2105,0.01290821394,0.00206707157,6.2447,,,,,,,,,,,,,,,,,,
0.9474,0.4211,0.01290821394,0.00206707157,6.2447,,,,,,,,,,,,,,,,,,
0.6842,0.3158,0.01290668826,0.00206696888,6.2443,,,,,,,,,,,,,,,,,,
0.8421,0.3684,0.01290643527,0.00206675074,6.2448,,,,,,,,,,,,,,,,,,
0.7895,0.3684,0.01290107969,0.00206611308,6.2441,,,,,,,,,,,,,,,,,,
1.0000,0.4737,0.01289960608,0.00206593947,6.2439,,,,,,,,,,,,,,,,,,
0.6316,0.2632,0.01289757744,0.00206525315,6.2450,,,,,,,,,,,,,,,,,,
0.8947,0.3684,0.01289621210,0.00206500495,6.2451,,,,,,,,,,,,,,,,,,
0.3684,0.1579,0.01289528567,0.00206493973,6.2449,,,,,,,,,,,,,,,,,,
0.7368,0.3158,0.01289528567,0.00206493973,6.2449,,,,,,,,,,,,,,,,,,
1.0000,0.4211,0.01287113447,0.00206104445,6.2450,,,,,,,,,,,,,,,,,,
0.1053,0.0526,0.01286839273,0.00206169799,6.2416,,,,,,,,,,,,,,,,,,
0.2105,0.1053,0.01286839273,0.00206169799,6.2416,,,,,,,,,,,,,,,,,,
0.3158,0.1579,0.01286839273,0.00206169799,6.2416,,,,,,,,,,,,,,,,,,
0.4211,0.2105,0.01286839273,0.00206169799,6.2416,,,,,,,,,,,,,,,,,,
0.5263,0.2632,0.01286839273,0.00206169799,6.2416,,,,,,,,,,,,,,,,,,
0.6316,0.3158,0.01286839273,0.00206169799,6.2416,,,,,,,,,,,,,,,,,,
0.7368,0.3684,0.01286839273,0.00206169799,6.2416,,,,,,,,,,,,,,,,,,
0.8421,0.4211,0.01286839273,0.00206169799,6.2416,,,,,,,,,,,,,,,,,,
0.9474,0.4737,0.01286839273,0.00206169799,6.2416,,,,,,,,,,,,,,,,,,
0.6842,0.3684,0.01286137732,0.00206235845,6.2362,,,,,,,,,,,,,,,,,,
0.7895,0.4211,0.01282746672,0.00205662183,6.2372,,,,,,,,,,,,,,,,,,
0.8947,0.4737,0.01270783571,0.00203719273,6.2379,,,,,,,,,,,,,,,,,,
0.5789,0.3158,0.01269132589,0.00203557077,6.2348,,,,,,,,,,,,,,,,,,
1.0000,0.5263,0.01267911942,0.00203245689,6.2383,,,,,,,,,,,,,,,,,,
0.8421,0.4737,0.01262264006,0.00202594300,6.2305,,,,,,,,,,,,,,,,,,
0.4737,0.2632,0.01258163102,0.00201877904,6.2323,,,,,,,,,,,,,,,,,,
0.9474,0.5263,0.01258163102,0.00201877904,6.2323,,,,,,,,,,,,,,,,,,
0.3684,0.2105,0.01256982571,0.00201835196,6.2278,,,,,,,,,,,,,,,,,,
0.7368,0.4211,0.01256982571,0.00201835196,6.2278,,,,,,,,,,,,,,,,,,
1.0000,0.5789,0.01242970264,0.00199686066,6.2246,,,,,,,,,,,,,,,,,,
0.6316,0.3684,0.01240417707,0.00199336763,6.2227,,,,,,,,,,,,,,,,,,
0.8947,0.5263,0.01223898346,0.00196759511,6.2203,,,,,,,,,,,,,,,,,,
0.2632,0.1579,0.01190524725,0.00191638352,6.2124,,,,,,,,,,,,,,,,,,
0.5263,0.3158,0.01190524725,0.00191638352,6.2124,,,,,,,,,,,,,,,,,,
0.7895,0.4737,0.01190524725,0.00191638352,6.2124,,,,,,,,,,,,,,,,,,
0.9474,0.5789,0.01149091068,0.00185284372,6.2018,,,,,,,,,,,,,,,,,,
1.0000,0.6316,0.01138808177,0.00184795980,6.1625,,,,,,,,,,,,,,,,,,
0.5789,0.3684,0.01133998719,0.00184530579,6.1453,,,,,,,,,,,,,,,,,,
0.4211,0.2632,0.01131633742,0.00183128841,6.1794,,,,,,,,,,,,,,,,,,
0.8421,0.5263,0.01131633742,0.00183128841,6.1794,,,,,,,,,,,,,,,,,,
0.6842,0.4211,0.01128161827,0.00182069973,6.1963,,,,,,,,,,,,,,,,,,
0.7368,0.4737,0.01100878763,0.00180058657,6.1140,,,,,,,,,,,,,,,,,,
0.8947,0.5789,0.01077324572,0.00176977565,6.0874,,,,,,,,,,,,,,,,,,
0.0526,0.9474,0.01031378516,0.00414036743,2.4910,,,,,,,,,,,,,,,,,,
0.0526,0.7895,0.01015017855,0.00407246808,2.4924,,,,,,,,,,,,,,,,,,
0.0526,0.8947,0.01013547640,0.00406810810,2.4914,,,,,,,,,,,,,,,,,,
0.0526,0.7368,0.01008425500,0.00404529620,2.4928,,,,,,,,,,,,,,,,,,
0.0526,1.0000,0.01007133539,0.00404373688,2.4906,,,,,,,,,,,,,,,,,,
0.0526,0.8421,0.01004907550,0.00403274043,2.4919,,,,,,,,,,,,,,,,,,
0.1579,0.1053,0.00991485164,0.00170209064,5.8251,,,,,,,,,,,,,,,,,,
0.3158,0.2105,0.00991485164,0.00170209064,5.8251,,,,,,,,,,,,,,,,,,
0.4737,0.3158,0.00991485164,0.00170209064,5.8251,,,,,,,,,,,,,,,,,,
0.6316,0.4211,0.00991485164,0.00170209064,5.8251,,,,,,,,,,,,,,,,,,
0.7895,0.5263,0.00991485164,0.00170209064,5.8251,,,,,,,,,,,,,,,,,,
0.9474,0.6316,0.00991485164,0.00170209064,5.8251,,,,,,,,,,,,,,,,,,
0.0526,0.6842,0.00991254535,0.00397562843,2.4933,,,,,,,,,,,,,,,,,,
0.0526,0.6316,0.00990653937,0.00397237229,2.4939,,,,,,,,,,,,,,,,,,
0.1579,0.8947,0.00982782603,0.00393488967,2.4976,,,,,,,,,,,,,,,,,,
0.1053,0.5789,0.00981647138,0.00393019130,2.4977,,,,,,,,,,,,,,,,,,
0.0526,0.5789,0.00980191828,0.00392965136,2.4943,,,,,,,,,,,,,,,,,,
0.1579,0.8421,0.00978914809,0.00391914575,2.4978,,,,,,,,,,,,,,,,,,
0.0526,0.2632,0.00975454652,0.00390505092,2.4979,,,,,,,,,,,,,,,,,,
0.1053,0.5263,0.00975454652,0.00390505092,2.4979,,,,,,,,,,,,,,,,,,
0.1579,0.7895,0.00975454652,0.00390505092,2.4979,,,,,,,,,,,,,,,,,,
0.2105,1.0000,0.00971380590,0.00388858311,2.4980,,,,,,,,,,,,,,,,,,
0.0526,0.5263,0.00970896436,0.00389132957,2.4950,,,,,,,,,,,,,,,,,,
0.1579,0.7368,0.00969439393,0.00388073710,2.4981,,,,,,,,,,,,,,,,,,
0.1053,0.4737,0.00969094862,0.00387923779,2.4982,,,,,,,,,,,,,,,,,,
0.2105,0.9474,0.00969094862,0.00387923779,2.4982,,,,,,,,,,,,,,,,,,
0.1579,0.6842,0.00966411612,0.00386839206,2.4982,,,,,,,,,,,,,,,,,,
0.2105,0.8947,0.00964853714,0.00386209624,2.4983,,,,,,,,,,,,,,,,,,
0.0526,0.2105,0.00963526279,0.00385662608,2.4984,,,,,,,,,,,,,,,,,,
0.1053,0.4211,0.00963526279,0.00385662608,2.4984,,,,,,,,,,,,,,,,,,
0.1579,0.6316,0.00963526279,0.00385662608,2.4984,,,,,,,,,,,,,,,,,,
0.2105,0.8421,0.00963526279,0.00385662608,2.4984,,,,,,,,,,,,,,,,,,
0.1053,0.8947,0.00963176843,0.00385868480,2.4961,,,,,,,,,,,,,,,,,,
0.2632,0.9474,0.00962582067,0.00385270510,2.4985,,,,,,,,,,,,,,,,,,
0.1053,0.3684,0.00962198767,0.00385115605,2.4985,,,,,,,,,,,,,,,,,,
0.2105,0.7368,0.00962198767,0.00385115605,2.4985,,,,,,,,,,,,,,,,,,
0.2632,1.0000,0.00961968349,0.00385033067,2.4984,,,,,,,,,,,,,,,,,,
0.1053,0.7895,0.00961841393,0.00385246912,2.4967,,,,,,,,,,,,,,,,,,
0.2105,0.7895,0.00961585038,0.00384878155,2.4984,,,,,,,,,,,,,,,,,,
0.2632,0.8947,0.00961240515,0.00384728347,2.4985,,,,,,,,,,,,,,,,,,
0.0526,0.4211,0.00960869597,0.00384899418,2.4964,,,,,,,,,,,,,,,,,,
0.1053,0.8421,0.00960869597,0.00384899418,2.4964,,,,,,,,,,,,,,,,,,
0.1579,0.5263,0.00960665564,0.00384495995,2.4985,,,,,,,,,,,,,,,,,,
0.1579,0.5789,0.00960435104,0.00384413427,2.4984,,,,,,,,,,,,,,,,,,
0.0526,0.1579,0.00960321076,0.00384346218,2.4986,,,,,,,,,,,,,,,,,,
0.1053,0.3158,0.00960321076,0.00384346218,2.4986,,,,,,,,,,,,,,,,,,
0.1579,0.4737,0.00960321076,0.00384346218,2.4986,,,,,,,,,,,,,,,,,,
0.2105,0.6316,0.00960321076,0.00384346218,2.4986,,,,,,,,,,,,,,,,,,
0.2632,0.7895,0.00960321076,0.00384346218,2.4986,,,,,,,,,,,,,,,,,,
0.3158,0.9474,0.00960321076,0.00384346218,2.4986,,,,,,,,,,,,,,,,,,
0.2105,0.6842,0.00959898963,0.00384186198,2.4985,,,,,,,,,,,,,,,,,,
0.2632,0.8421,0.00959515662,0.00384031301,2.4985,,,,,,,,,,,,,,,,,,
0.3158,1.0000,0.00959324012,0.00383953852,2.4985,,,,,,,,,,,,,,,,,,
0.3158,0.8947,0.00957446400,0.00383184573,2.4987,,,,,,,,,,,,,,,,,,
0.2632,0.7368,0.00957063110,0.00383029692,2.4987,,,,,,,,,,,,,,,,,,
0.2632,0.4737,0.00956976806,0.00382952915,2.4989,,,,,,,,,,,,,,,,,,
0.3158,0.5789,0.00956976806,0.00382952915,2.4989,,,,,,,,,,,,,,,,,,
0.5263,0.9474,0.00956976806,0.00382952915,2.4989,,,,,,,,,,,,,,,,,,
0.0526,0.3684,0.00956658457,0.00383125730,2.4970,,,,,,,,,,,,,,,,,,
0.1053,0.7368,0.00956658457,0.00383125730,2.4970,,,,,,,,,,,,,,,,,,
0.4737,0.8421,0.00956593558,0.00382798070,2.4990,,,,,,,,,,,,,,,,,,
0.2105,0.5789,0.00956271694,0.00382709995,2.4987,,,,,,,,,,,,,,,,,,
0.3684,1.0000,0.00956080049,0.00382632556,2.4987,,,,,,,,,,,,,,,,,,
0.2105,0.3684,0.00956018686,0.00382565804,2.4990,,,,,,,,,,,,,,,,,,
0.4211,0.7368,0.00956018686,0.00382565804,2.4990,,,,,,,,,,,,,,,,,,
0.1053,0.6842,0.00955972522,0.00382815445,2.4972,,,,,,,,,,,,,,,,,,
0.5789,1.0000,0.00955827062,0.00382488382,2.4990,,,,,,,,,,,,,,,,,,
0.1579,0.4211,0.00955696759,0.00382477680,2.4987,,,,,,,,,,,,,,,,,,
0.3158,0.8421,0.00955696759,0.00382477680,2.4987,,,,,,,,,,,,,,,,,,
0.3684,0.6316,0.00955252189,0.00382256120,2.4990,,,,,,,,,,,,,,,,,,
0.5263,0.8947,0.00955252189,0.00382256120,2.4990,,,,,,,,,,,,,,,,,,
0.2632,0.6842,0.00955121824,0.00382245367,2.4987,,,,,,,,,,,,,,,,,,
0.1579,0.2632,0.00955060565,0.00382178700,2.4990,,,,,,,,,,,,,,,,,,
0.3158,0.5263,0.00955060565,0.00382178700,2.4990,,,,,,,,,,,,,,,,,,
0.4737,0.7895,0.00955060565,0.00382178700,2.4990,,,,,,,,,,,,,,,,,,
0.5789,0.9474,0.00955060565,0.00382178700,2.4990,,,,,,,,,,,,,,,,,,
0.3684,0.4737,0.00954729654,0.00382024109,2.4991,,,,,,,,,,,,,,,,,,
0.5789,0.7368,0.00954729654,0.00382024109,2.4991,,,,,,,,,,,,,,,,,,
0.7368,0.9474,0.00954729654,0.00382024109,2.4991,,,,,,,,,,,,,,,,,,
0.4211,0.6842,0.00954677317,0.00382023860,2.4990,,,,,,,,,,,,,,,,,,
0.3684,0.9474,0.00954546888,0.00382013057,2.4987,,,,,,,,,,,,,,,,,,
0.7895,1.0000,0.00954346427,0.00381869287,2.4991,,,,,,,,,,,,,,,,,,
0.2632,0.4211,0.00954268937,0.00381858965,2.4990,,,,,,,,,,,,,,,,,,
0.5263,0.8421,0.00954268937,0.00381858965,2.4990,,,,,,,,,,,,,,,,,,
0.2105,0.2632,0.00954154813,0.00381791877,2.4991,,,,,,,,,,,,,,,,,,
0.4211,0.5263,0.00954154813,0.00381791877,2.4991,,,,,,,,,,,,,,,,,,
0.6316,0.7895,0.00954154813,0.00381791877,2.4991,,,,,,,,,,,,,,,,,,
0.2632,0.3684,0.00954116064,0.00381786712,2.4991,,,,,,,,,,,,,,,,,,
0.4211,0.5789,0.00954116064,0.00381786712,2.4991,,,,,,,,,,,,,,,,,,
0.5263,0.7368,0.00954116064,0.00381786712,2.4991,,,,,,,,,,,,,,,,,,
0.6842,0.9474,0.00954116064,0.00381786712,2.4991,,,,,,,,,,,,,,,,,,
0.0526,0.0526,0.00954040702,0.00381724801,2.4993,,,,,,,,,,,,,,,,,,
0.1053,0.1053,0.00954040702,0.00381724801,2.4993,,,,,,,,,,,,,,,,,,
0.1579,0.1579,0.00954040702,0.00381724801,2.4993,,,,,,,,,,,,,,,,,,
0.2105,0.2105,0.00954040702,0.00381724801,2.4993,,,,,,,,,,,,,,,,,,
0.2632,0.2632,0.00954040702,0.00381724801,2.4993,,,,,,,,,,,,,,,,,,
0.3158,0.3158,0.00954040702,0.00381724801,2.4993,,,,,,,,,,,,,,,,,,
0.3684,0.3684,0.00954040702,0.00381724801,2.4993,,,,,,,,,,,,,,,,,,
0.4211,0.4211,0.00954040702,0.00381724801,2.4993,,,,,,,,,,,,,,,,,,
0.4737,0.4737,0.00954040702,0.00381724801,2.4993,,,,,,,,,,,,,,,,,,
0.5263,0.5263,0.00954040702,0.00381724801,2.4993,,,,,,,,,,,,,,,,,,
0.5789,0.5789,0.00954040702,0.00381724801,2.4993,,,,,,,,,,,,,,,,,,
0.6316,0.6316,0.00954040702,0.00381724801,2.4993,,,,,,,,,,,,,,,,,,
0.6842,0.6842,0.00954040702,0.00381724801,2.4993,,,,,,,,,,,,,,,,,,
0.7368,0.7368,0.00954040702,0.00381724801,2.4993,,,,,,,,,,,,,,,,,,
0.7895,0.7895,0.00954040702,0.00381724801,2.4993,,,,,,,,,,,,,,,,,,
0.8421,0.8421,0.00954040702,0.00381724801,2.4993,,,,,,,,,,,,,,,,,,
0.8947,0.8947,0.00954040702,0.00381724801,2.4993,,,,,,,,,,,,,,,,,,
0.9474,0.9474,0.00954040702,0.00381724801,2.4993,,,,,,,,,,,,,,,,,,
1.0000,1.0000,0.00954040702,0.00381724801,2.4993,,,,,,,,,,,,,,,,,,
0.1053,0.2632,0.00953971953,0.00381780750,2.4987,,,,,,,,,,,,,,,,,,
0.2105,0.5263,0.00953971953,0.00381780750,2.4987,,,,,,,,,,,,,,,,,,
0.3158,0.7895,0.00953971953,0.00381780750,2.4987,,,,,,,,,,,,,,,,,,
0.5789,0.7895,0.00953924445,0.00381709298,2.4991,,,,,,,,,,,,,,,,,,
0.7368,1.0000,0.00953924445,0.00381709298,2.4991,,,,,,,,,,,,,,,,,,
0.3684,0.5789,0.00953885689,0.00381704128,2.4990,,,,,,,,,,,,,,,,,,
0.6316,1.0000,0.00953885689,0.00381704128,2.4990,,,,,,,,,,,,,,,,,,
0.1579,0.2105,0.00953541207,0.00381554471,2.4991,,,,,,,,,,,,,,,,,,
0.3158,0.4211,0.00953541207,0.00381554471,2.4991,,,,,,,,,,,,,,,,,,
0.4737,0.6316,0.00953541207,0.00381554471,2.4991,,,,,,,,,,,,,,,,,,
0.6316,0.8421,0.00953541207,0.00381554471,2.4991,,,,,,,,,,,,,,,,,,
0.4737,0.5789,0.00953388359,0.00381482239,2.4992,,,,,,,,,,,,,,,,,,
0.6842,0.8421,0.00953388359,0.00381482239,2.4992,,,,,,,,,,,,,,,,,,
0.7368,0.8947,0.00953388359,0.00381482239,2.4992,,,,,,,,,,,,,,,,,,
0.4737,0.7368,0.00953119192,0.00381394458,2.4990,,,,,,,,,,,,,,,,,,
0.5789,0.8947,0.00953119192,0.00381394458,2.4990,,,,,,,,,,,,,,,,,,
0.7368,0.7895,0.00953043910,0.00381332610,2.4992,,,,,,,,,,,,,,,,,,
0.3684,0.8947,0.00953013728,0.00381393577,2.4988,,,,,,,,,,,,,,,,,,
0.9474,0.8947,0.00952891084,0.00381260397,2.4993,,,,,,,,,,,,,,,,,,
1.0000,0.9474,0.00952891084,0.00381260397,2.4993,,,,,,,,,,,,,,,,,,
0.7895,0.8421,0.00952852302,0.00381255206,2.4993,,,,,,,,,,,,,,,,,,
0.2632,0.6316,0.00952822082,0.00381316143,2.4988,,,,,,,,,,,,,,,,,,
0.4211,1.0000,0.00952822082,0.00381316143,2.4988,,,,,,,,,,,,,,,,,,
0.2632,0.3158,0.00952813518,0.00381250013,2.4992,,,,,,,,,,,,,,,,,,
0.5263,0.6316,0.00952813518,0.00381250013,2.4992,,,,,,,,,,,,,,,,,,
0.5789,0.6842,0.00952813518,0.00381250013,2.4992,,,,,,,,,,,,,,,,,,
0.7895,0.9474,0.00952813518,0.00381250013,2.4992,,,,,,,,,,,,,,,,,,
0.8421,1.0000,0.00952813518,0.00381250013,2.4992,,,,,,,,,,,,,,,,,,
0.5263,0.6842,0.00952774732,0.00381244819,2.4991,,,,,,,,,,,,,,,,,,
0.6842,0.8947,0.00952774732,0.00381244819,2.4991,,,,,,,,,,,,,,,,,,
0.4737,0.8947,0.00952708328,0.00381249226,2.4989,,,,,,,,,,,,,,,,,,
0.5263,1.0000,0.00952708328,0.00381249226,2.4989,,,,,,,,,,,,,,,,,,
0.8947,0.8421,0.00952699480,0.00381182998,2.4993,,,,,,,,,,,,,,,,,,
0.8421,0.8947,0.00952660693,0.00381177802,2.4993,,,,,,,,,,,,,,,,,,
0.8947,0.9474,0.00952660693,0.00381177802,2.4993,,,,,,,,,,,,,,,,,,
0.9474,1.0000,0.00952660693,0.00381177802,2.4993,,,,,,,,,,,,,,,,,,
0.4211,0.7895,0.00952516693,0.00381171802,2.4989,,,,,,,,,,,,,,,,,,
0.5263,0.4737,0.00952507877,0.00381105599,2.4993,,,,,,,,,,,,,,,,,,
0.5789,0.5263,0.00952507877,0.00381105599,2.4993,,,,,,,,,,,,,,,,,,
0.6316,0.5789,0.00952507877,0.00381105599,2.4993,,,,,,,,,,,,,,,,,,
0.6842,0.6316,0.00952507877,0.00381105599,2.4993,,,,,,,,,,,,,,,,,,
0.7368,0.6842,0.00952507877,0.00381105599,2.4993,,,,,,,,,,,,,,,,,,
0.7895,0.7368,0.00952507877,0.00381105599,2.4993,,,,,,,,,,,,,,,,,,
0.8421,0.7895,0.00952507877,0.00381105599,2.4993,,,,,,,,,,,,,,,,,,
0.3158,0.3684,0.00952430291,0.00381095198,2.4992,,,,,,,,,,,,,,,,,,
0.6316,0.7368,0.00952430291,0.00381095198,2.4992,,,,,,,,,,,,,,,,,,
0.1053,0.1579,0.00952352695,0.00381084792,2.4991,,,,,,,,,,,,,,,,,,
0.2105,0.3158,0.00952352695,0.00381084792,2.4991,,,,,,,,,,,,,,,,,,
0.3158,0.4737,0.00952352695,0.00381084792,2.4991,,,,,,,,,,,,,,,,,,
0.4211,0.6316,0.00952352695,0.00381084792,2.4991,,,,,,,,,,,,,,,,,,
0.5263,0.7895,0.00952352695,0.00381084792,2.4991,,,,,,,,,,,,,,,,,,
0.6316,0.9474,0.00952352695,0.00381084792,2.4991,,,,,,,,,,,,,,,,,,
0.3684,0.6842,0.00952325059,0.00381094377,2.4989,,,,,,,,,,,,,,,,,,
0.4737,0.4211,0.00952316274,0.00381028200,2.4993,,,,,,,,,,,,,,,,,,
0.9474,0.8421,0.00952316274,0.00381028200,2.4993,,,,,,,,,,,,,,,,,,
1.0000,0.8947,0.00952316274,0.00381028200,2.4993,,,,,,,,,,,,,,,,,,
0.1579,0.3684,0.00952247147,0.00381083844,2.4988,,,,,,,,,,,,,,,,,,
0.3158,0.7368,0.00952247147,0.00381083844,2.4988,,,,,,,,,,,,,,,,,,
0.6842,0.7895,0.00952238677,0.00381017790,2.4992,,,,,,,,,,,,,,,,,,
0.6842,1.0000,0.00952161071,0.00381007376,2.4991,,,,,,,,,,,,,,,,,,
0.4211,0.3684,0.00952124671,0.00380950801,2.4993,,,,,,,,,,,,,,,,,,
0.7895,0.6842,0.00952124671,0.00380950801,2.4993,,,,,,,,,,,,,,,,,,
0.8421,0.7368,0.00952124671,0.00380950801,2.4993,,,,,,,,,,,,,,,,,,
0.8947,0.7895,0.00952124671,0.00380950801,2.4993,,,,,,,,,,,,,,,,,,
0.4737,0.6842,0.00951969447,0.00380929961,2.4991,,,,,,,,,,,,,,,,,,
0.5789,0.8421,0.00951969447,0.00380929961,2.4991,,,,,,,,,,,,,,,,,,
0.3684,0.3158,0.00951933068,0.00380873403,2.4993,,,,,,,,,,,,,,,,,,
0.7368,0.6316,0.00951933068,0.00380873403,2.4993,,,,,,,,,,,,,,,,,,
0.0526,0.1053,0.00951902824,0.00380934255,2.4989,,,,,,,,,,,,,,,,,,
0.1053,0.2105,0.00951902824,0.00380934255,2.4989,,,,,,,,,,,,,,,,,,
0.1579,0.3158,0.00951902824,0.00380934255,2.4989,,,,,,,,,,,,,,,,,,
0.2105,0.4211,0.00951902824,0.00380934255,2.4989,,,,,,,,,,,,,,,,,,
0.2632,0.5263,0.00951902824,0.00380934255,2.4989,,,,,,,,,,,,,,,,,,
0.3158,0.6316,0.00951902824,0.00380934255,2.4989,,,,,,,,,,,,,,,,,,
0.3684,0.7368,0.00951902824,0.00380934255,2.4989,,,,,,,,,,,,,,,,,,
0.4211,0.8421,0.00951902824,0.00380934255,2.4989,,,,,,,,,,,,,,,,,,
0.4737,0.9474,0.00951902824,0.00380934255,2.4989,,,,,,,,,,,,,,,,,,
0.3684,0.4211,0.00951855450,0.00380862977,2.4992,,,,,,,,,,,,,,,,,,
0.7368,0.8421,0.00951855450,0.00380862977,2.4992,,,,,,,,,,,,,,,,,,
0.7895,0.8947,0.00951855450,0.00380862977,2.4992,,,,,,,,,,,,,,,,,,
0.5789,0.4211,0.00951780276,0.00380801220,2.4994,,,,,,,,,,,,,,,,,,
0.3684,0.5263,0.00951777823,0.00380852546,2.4991,,,,,,,,,,,,,,,,,,
0.6316,0.8947,0.00951777823,0.00380852546,2.4991,,,,,,,,,,,,,,,,,,
0.4211,0.4737,0.00951663836,0.00380785570,2.4992,,,,,,,,,,,,,,,,,,
0.8421,0.9474,0.00951663836,0.00380785570,2.4992,,,,,,,,,,,,,,,,,,
0.0526,0.4737,0.00951636593,0.00381304303,2.4957,,,,,,,,,,,,,,,,,,
0.1053,0.9474,0.00951636593,0.00381304303,2.4957,,,,,,,,,,,,,,,,,,
0.3684,0.2632,0.00951588678,0.00380723827,2.4994,,,,,,,,,,,,,,,,,,
0.5263,0.3684,0.00951588678,0.00380723827,2.4994,,,,,,,,,,,,,,,,,,
0.7368,0.5263,0.00951588678,0.00380723827,2.4994,,,,,,,,,,,,,,,,,,
0.8947,0.6316,0.00951588678,0.00380723827,2.4994,,,,,,,,,,,,,,,,,,
0.9474,0.6842,0.00951588678,0.00380723827,2.4994,,,,,,,,,,,,,,,,,,
0.6842,0.5789,0.00951549862,0.00380718607,2.4994,,,,,,,,,,,,,,,,,,
1.0000,0.8421,0.00951549862,0.00380718607,2.4994,,,,,,,,,,,,,,,,,,
0.3684,0.8421,0.00951480567,0.00380774116,2.4988,,,,,,,,,,,,,,,,,,
0.8947,1.0000,0.00951472223,0.00380708164,2.4992,,,,,,,,,,,,,,,,,,
0.3158,0.2632,0.00951358259,0.00380641210,2.4994,,,,,,,,,,,,,,,,,,
0.6316,0.5263,0.00951358259,0.00380641210,2.4994,,,,,,,,,,,,,,,,,,
0.9474,0.7895,0.00951358259,0.00380641210,2.4994,,,,,,,,,,,,,,,,,,
0.4737,0.5263,0.00951280609,0.00380630758,2.4992,,,,,,,,,,,,,,,,,,
0.5789,0.4737,0.00951166656,0.00380563812,2.4994,,,,,,,,,,,,,,,,,,
0.8421,0.6842,0.00951166656,0.00380563812,2.4994,,,,,,,,,,,,,,,,,,
0.8947,0.7368,0.00951166656,0.00380563812,2.4994,,,,,,,,,,,,,,,,,,
0.5263,0.5789,0.00951088995,0.00380553353,2.4992,,,,,,,,,,,,,,,,,,
0.5789,0.6316,0.00951088995,0.00380553353,2.4992,,,,,,,,,,,,,,,,,,
0.2105,0.4737,0.00950905631,0.00380541823,2.4988,,,,,,,,,,,,,,,,,,
0.4211,0.9474,0.00950905631,0.00380541823,2.4988,,,,,,,,,,,,,,,,,,
0.6316,0.6842,0.00950705768,0.00380398543,2.4992,,,,,,,,,,,,,,,,,,
0.2632,0.2105,0.00950591846,0.00380331623,2.4994,,,,,,,,,,,,,,,,,,
0.5263,0.4211,0.00950591846,0.00380331623,2.4994,,,,,,,,,,,,,,,,,,
0.7895,0.6316,0.00950591846,0.00380331623,2.4994,,,,,,,,,,,,,,,,,,
1.0000,0.7895,0.00950591846,0.00380331623,2.4994,,,,,,,,,,,,,,,,,,
0.1053,1.0000,0.00950527513,0.00380915996,2.4954,,,,,,,,,,,,,,,,,,
0.6842,0.7368,0.00950514154,0.00380321138,2.4992,,,,,,,,,,,,,,,,,,
0.4737,0.3684,0.00950400243,0.00380254227,2.4994,,,,,,,,,,,,,,,,,,
0.7368,0.5789,0.00950400243,0.00380254227,2.4994,,,,,,,,,,,,,,,,,,
0.9474,0.7368,0.00950400243,0.00380254227,2.4994,,,,,,,,,,,,,,,,,,
0.2632,0.5789,0.00950330696,0.00380309533,2.4988,,,,,,,,,,,,,,,,,,
0.3158,0.6842,0.00950139051,0.00380232103,2.4988,,,,,,,,,,,,,,,,,,
0.3684,0.7895,0.00950139051,0.00380232103,2.4988,,,,,,,,,,,,,,,,,,
0.6842,0.5263,0.00950017037,0.00380099436,2.4994,,,,,,,,,,,,,,,,,,
0.8947,0.6842,0.00950017037,0.00380099436,2.4994,,,,,,,,,,,,,,,,,,
0.4211,0.8947,0.00949947406,0.00380154674,2.4988,,,,,,,,,,,,,,,,,,
0.4737,1.0000,0.00949947406,0.00380154674,2.4988,,,,,,,,,,,,,,,,,,
0.2105,0.1579,0.00949825434,0.00380022041,2.4994,,,,,,,,,,,,,,,,,,
0.4211,0.3158,0.00949825434,0.00380022041,2.4994,,,,,,,,,,,,,,,,,,
0.6316,0.4737,0.00949825434,0.00380022041,2.4994,,,,,,,,,,,,,,,,,,
0.8421,0.6316,0.00949825434,0.00380022041,2.4994,,,,,,,,,,,,,,,,,,
0.7895,0.5789,0.00949250625,0.00379789858,2.4994,,,,,,,,,,,,,,,,,,
1.0000,0.7368,0.00949250625,0.00379789858,2.4994,,,,,,,,,,,,,,,,,,
0.1579,1.0000,0.00935862648,0.00374750916,2.4973,,,,,,,,,,,,,,,,,,
0.0526,0.3158,0.00935165652,0.00374445718,2.4975,,,,,,,,,,,,,,,,,,
0.1053,0.6316,0.00935165652,0.00374445718,2.4975,,,,,,,,,,,,,,,,,,
0.1579,0.9474,0.00935165652,0.00374445718,2.4975,,,,,,,,,,,,,,,,,,
0.6842,0.4737,0.00931919719,0.00289946560,3.2141,,,,,,,,,,,,,,,,,,
1.0000,0.6842,0.00931278820,0.00177662294,5.2418,,,,,,,,,,,,,,,,,,
0.8421,0.5789,0.00914908482,0.00181008155,5.0545,,,,,,,,,,,,,,,,,,
0.0000,0.0526,0.00845778199,0.00342103610,2.4723,,,,,,,,,,,,,,,,,,
0.0000,0.1053,0.00845778199,0.00342103610,2.4723,,,,,,,,,,,,,,,,,,
0.0000,0.1579,0.00845778199,0.00342103610,2.4723,,,,,,,,,,,,,,,,,,
0.0000,0.2105,0.00845778199,0.00342103610,2.4723,,,,,,,,,,,,,,,,,,
0.0000,0.2632,0.00845778199,0.00342103610,2.4723,,,,,,,,,,,,,,,,,,
0.0000,0.3158,0.00845778199,0.00342103610,2.4723,,,,,,,,,,,,,,,,,,
0.0000,0.3684,0.00845778199,0.00342103610,2.4723,,,,,,,,,,,,,,,,,,
0.0000,0.4211,0.00845778199,0.00342103610,2.4723,,,,,,,,,,,,,,,,,,
0.0000,0.4737,0.00845778199,0.00342103610,2.4723,,,,,,,,,,,,,,,,,,
0.0000,0.5263,0.00845778199,0.00342103610,2.4723,,,,,,,,,,,,,,,,,,
0.0000,0.5789,0.00845778199,0.00342103610,2.4723,,,,,,,,,,,,,,,,,,
0.0000,0.6316,0.00845778199,0.00342103610,2.4723,,,,,,,,,,,,,,,,,,
0.0000,0.6842,0.00845778199,0.00342103610,2.4723,,,,,,,,,,,,,,,,,,
0.0000,0.7368,0.00845778199,0.00342103610,2.4723,,,,,,,,,,,,,,,,,,
0.0000,0.7895,0.00845778199,0.00342103610,2.4723,,,,,,,,,,,,,,,,,,
0.0000,0.8421,0.00845778199,0.00342103610,2.4723,,,,,,,,,,,,,,,,,,
0.0000,0.8947,0.00845778199,0.00342103610,2.4723,,,,,,,,,,,,,,,,,,
0.0000,0.9474,0.00845778199,0.00342103610,2.4723,,,,,,,,,,,,,,,,,,
0.0000,1.0000,0.00845778199,0.00342103610,2.4723,,,,,,,,,,,,,,,,,,
0.0000,0.0000,0.00839952934,0.00165624522,5.0714,,,,,,,,,,,,,,,,,,