w1,w2,预估支用率,预估成本,,奖品ID,奖品名称,奖品类型,成本,权重参数w1,权重参数w2,DNN rank top1人数,决策与实际一致人数,same组支用人数,平均投放支用率,,,,,,,
,,,,,1706050008801018310,5元,还款红包,6.25,0,0,517080,3482600.00%,338,0.00970539252282777,,,,,,,
,,,,,1706050008801016356,5000元免费用5天,免息券,10.0,0.0,0.0,517080,3319200.00%,244,0.00735116895637503,,,,,,,
,,,,,99999,无奖品,无奖品,0.0,0.0,0.0,517080,30841,20,0.0006484874031321942,,,,,,,
,,,,,1706050008801017077,首期利率9折,折扣券,8.0,0.0,0.0,517080,34364,303,0.008817367011989291,,,,,,,
,,,,,1707180008801175820,2元,还款红包,2.5,0.0,0.0,517080,38271,377,0.009850800867497582,,,,,,,
,,,,,1707180008801177984,2元,现金红包,2.5,0.0,0.0,517080,36405,340,0.009339376459277572,,,,,,,
,,,,,1706050008801017082,5元,现金红包,6.25,0.0,0.0,517080,27285,357,0.013084112149532711,,,,,,,
,,,,,99999,无奖品,无奖品,0.0,0.0,0.111111111111,5732,45,13,0.28888888888888886,,,,,,,
,,,,,1707180008801177984,2元,现金红包,2.5,0.0,0.111111111111,511348,35941,191,0.005314265045491221,,,,,,,
,,,,,1707180008801177984,2元,现金红包,2.5,0.0,0.222222222222,511348,35941,191,0.005314265045491221,,,,,,,
,,,,,99999,无奖品,无奖品,0.0,0.0,0.222222222222,5732,45,13,0.28888888888888886,,,,,,,
,,,,,99999,无奖品,无奖品,0.0,0.0,0.333333333333,5732,45,13,0.28888888888888886,,,,,,,
,,,,,1707180008801177984,2元,现金红包,2.5,0.0,0.333333333333,511348,35941,191,0.005314265045491221,,,,,,,
,,,,,99999,无奖品,无奖品,0.0,0.0,0.444444444444,5732,45,13,0.28888888888888886,,,,,,,
,,,,,1707180008801177984,2元,现金红包,2.5,0.0,0.444444444444,511348,35941,191,0.005314265045491221,,,,,,,
,,,,,1707180008801177984,2元,现金红包,2.5,0.0,0.555555555556,511348,35941,191,0.005314265045491221,,,,,,,
,,,,,99999,无奖品,无奖品,0.0,0.0,0.555555555556,5732,45,13,0.28888888888888886,,,,,,,
,,,,,1707180008801177984,2元,现金红包,2.5,0.0,0.666666666667,511348,35941,191,0.005314265045491221,,,,,,,
,,,,,99999,无奖品,无奖品,0.0,0.0,0.666666666667,5732,45,13,0.28888888888888886,,,,,,,
,,,,,99999,无奖品,无奖品,0.0,0.0,0.777777777778,5732,4500.00%,13,0.28888888888888886,,,,,,,
,,,,,1707180008801177984,2元,现金红包,2.5,0.0,0.777777777778,511348,35941,191,0.005314265045491221,,,,,,,
,,,,,99999,无奖品,无奖品,0.0,0.0,0.888888888889,5732,45,13,0.28888888888888886,,,,,,,
,,,,,1707180008801177984,2元,现金红包,2.5,0.0,0.888888888889,511348,35941,191,0.005314265045491221,,,,,,,
,,,,,1707180008801177984,2元,现金红包,2.5,0.0,1.0,511348,35941,191,0.005314265045491221,,,,,,,
,,,,,99999,无奖品,无奖品,0.0,0.0,1.0,5732,45,13,0.28888888888888886,,,,,,,
,,,,,1706050008801017077,首期利率9折,折扣券,8.0,0.111111111111,0.0,24,3,0,0.0,,,,,,,
,,,,,1707180008801175820,2元,还款红包,2.5,0.111111111111,0.0,31,1,1,1.0,,,,,,,
,,,,,1707180008801177984,2元,现金红包,2.5,0.111111111111,0.0,36,2,1,0.5,,,,,,,
,,,,,1706050008801017082,5元,现金红包,6.25,0.111111111111,0.0,517080,27285,357,0.013084112149532711,,,,,,,
,,,,,1706050008801018310,5元,还款红包,6.25,0.111111111111,0.0,49,1,0,0.0,,,,,,,
,,,,,99999,无奖品,无奖品,0.0,0.111111111111,0.111111111111,147,1,1,1.0,,,,,,,
,,,,,1707180008801177984,2元,现金红包,2.5,0.111111111111,0.111111111111,516933,36398,337,0.009258750480795648,,,,,,,
,,,,,1707180008801177984,2元,现金红包,2.5,0.111111111111,0.222222222222,516845,36389,330,0.009068674599466873,,,,,,,
,,,,,99999,无奖品,无奖品,0.0,0.111111111111,0.222222222222,235,1,1,1.0,,,,,,,
,,,,,1707180008801177984,2元,现金红包,2.5,0.111111111111,0.333333333333,516787,3638700.00%,329,0.00904169071371644,,,,,,,
,,,,,99999,无奖品,无奖品,0.0,0.111111111111,0.333333333333,293,1,1,1.0,,,,,,,
,,,,,99999,无奖品,无奖品,0.0,0.111111111111,0.444444444444,338,1,1,1.0,,,,,,,
,,,,,1707180008801177984,2元,现金红包,2.5,0.111111111111,0.444444444444,516742,36384,327,0.008987467018469657,,,,,,,
,,,,,1707180008801177984,2元,现金红包,2.5,0.111111111111,0.555555555556,516652,3637700.00%,325,0.0089342166753718,,,,,,,
,,,,,99999,无奖品,无奖品,0.0,0.111111111111,0.555555555556,428,1,1,1.0,,,,,,,
,,,,,1707180008801177984,2元,现金红包,2.5,0.111111111111,0.666666666667,516556,36368,322,0.0088539375274967,,,,,,,
,,,,,99999,无奖品,无奖品,0.0,0.111111111111,0.666666666667,524,2,1,0.5,,,,,,,
,,,,,1707180008801177984,2元,现金红包,2.5,0.111111111111,0.777777777778,516456,36363,319,0.008772653521436625,,,,,,,
,,,,,99999,无奖品,无奖品,0.0,0.111111111111,0.777777777778,624,3,2,0.6666666666666666,,,,,,,
,,,,,99999,无奖品,无奖品,0.0,0.111111111111,0.888888888889,741,3,2,0.6666666666666666,,,,,,,
,,,,,1707180008801177984,2元,现金红包,2.5,0.111111111111,0.888888888889,516339,36350,315,0.008665749656121045,,,,,,,
,,,,,99999,无奖品,无奖品,0.0,0.111111111111,1.0,881,3,2,0.6666666666666666,,,,,,,
,,,,,1707180008801177984,2元,现金红包,2.5,0.111111111111,1.0,516199,36332,305,0.008394803479026753,,,,,,,
,,,,,1707180008801175820,2元,还款红包,2.5,0.222222222222,0.0,31,1,1,1.0,,,,,,,
,,,,,1707180008801177984,2元,现金红包,2.5,0.222222222222,0.0,36,2,1,0.5,,,,,,,
,,,,,1706050008801018310,5元,还款红包,6.25,0.222222222222,0.0,49,1,0,0.0,,,,,,,
,,,,,1706050008801017077,首期利率9折,折扣券,8.0,0.222222222222,0.0,24,3,0,0.0,,,,,,,
,,,,,1706050008801017082,5元,现金红包,6.25,0.222222222222,0.0,517080,27285,357,0.013084112149532711,,,,,,,
,,,,,1707180008801177984,2元,现金红包,2.5,0.222222222222,0.111111111111,980,88,42,0.4772727272727273,,,,,,,
,,,,,1706050008801017082,5元,现金红包,6.25,0.222222222222,0.111111111111,515997,27228,321,0.011789334508594094,,,,,,,
,,,,,99999,无奖品,无奖品,0.0,0.222222222222,0.111111111111,103,1,1,1.0,,,,,,,
,,,,,1707180008801177984,2元,现金红包,2.5,0.222222222222,0.222222222222,516933,36398,337,0.009258750480795648,,,,,,,
,,,,,99999,无奖品,无奖品,0.0,0.222222222222,0.222222222222,147,1,1,1.0,,,,,,,
,,,,,99999,无奖品,无奖品,0.0,0.222222222222,0.333333333333,195,1,1,1.0,,,,,,,
,,,,,1707180008801177984,2元,现金红包,2.5,0.222222222222,0.333333333333,516885,36394,333,0.009149859867011046,,,,,,,
,,,,,1707180008801177984,2元,现金红包,2.5,0.222222222222,0.444444444444,516845,36389,330,0.009068674599466873,,,,,,,
,,,,,99999,无奖品,无奖品,0.0,0.222222222222,0.444444444444,235,1,1,1.0,,,,,,,
,,,,,99999,无奖品,无奖品,0.0,0.222222222222,0.555555555556,260,1,1,1.0,,,,,,,
,,,,,1707180008801177984,2元,现金红包,2.5,0.222222222222,0.555555555556,516820,36388,329,0.009041442233703418,,,,,,,
,,,,,1707180008801177984,2元,现金红包,2.5,0.222222222222,0.666666666667,516787,36387,329,0.009041690713716436,,,,,,,
,,,,,99999,无奖品,无奖品,0.0,0.222222222222,0.666666666667,293,1,1,1.0,,,,,,,
,,,,,99999,无奖品,无奖品,0.0,0.222222222222,0.777777777778,317,1,1,1.0,,,,,,,
,,,,,1707180008801177984,2元,现金红包,2.5,0.222222222222,0.777777777778,516763,36386,328,0.009014456109492662,,,,,,,
,,,,,99999,无奖品,无奖品,0.0,0.222222222222,0.888888888889,338,1,1,1.0,,,,,,,
,,,,,1707180008801177984,2元,现金红包,2.5,0.222222222222,0.888888888889,516742,36384,327,0.008987467018469657,,,,,,,
,,,,,99999,无奖品,无奖品,0.0,0.222222222222,1.0,381,1,1,1.0,,,,,,,
,,,,,1707180008801177984,2元,现金红包,2.5,0.222222222222,1.0,516699,36381,326,0.00896072125560045,,,,,,,
,,,,,1706050008801017077,首期利率9折,折扣券,8.0,0.333333333333,0.0,24,3,0,0.0,,,,,,,
,,,,,1706050008801018310,5元,还款红包,6.25,0.333333333333,0.0,49,1,0,0.0,,,,,,,
,,,,,1706050008801017082,5元,现金红包,6.25,0.333333333333,0.0,517080,27285,357,0.013084112149532711,,,,,,,
,,,,,1707180008801175820,2元,还款红包,2.5,0.333333333333,0.0,31,1,1,1.0,,,,,,,
,,,,,1707180008801177984,2元,现金红包,2.5,0.333333333333,0.0,36,2,1,0.5,,,,,,,
,,,,,1706050008801017082,5元,现金红包,6.25,0.333333333333,0.111111111111,516646,27262,342,0.012544934340840731,,,,,,,
,,,,,1707180008801177984,2元,现金红包,2.5,0.333333333333,0.111111111111,350,23,14,0.6086956521739131,,,,,,,
,,,,,99999,无奖品,无奖品,0.0,0.333333333333,0.111111111111,84,1,1,1.0,,,,,,,
,,,,,99999,无奖品,无奖品,0.0,0.333333333333,0.222222222222,119,1,1,1.0,,,,,,,
,,,,,1707180008801177984,2元,现金红包,2.5,0.333333333333,0.222222222222,58390,4562,275,0.06028057869355546,,,,,,,
,,,,,1706050008801017082,5元,现金红包,6.25,0.333333333333,0.222222222222,458571,23730,77,0.0032448377581120944,,,,,,,
,,,,,99999,无奖品,无奖品,0.0,0.333333333333,0.333333333333,147,1,1,1.0,,,,,,,
,,,,,1707180008801177984,2元,现金红包,2.5,0.333333333333,0.333333333333,516933,36398,337,0.009258750480795648,,,,,,,
,,,,,99999,无奖品,无奖品,0.0,0.333333333333,0.444444444444,187,1,1,1.0,,,,,,,
,,,,,1707180008801177984,2元,现金红包,2.5,0.333333333333,0.444444444444,516893,36395,334,0.009177084764390712,,,,,,,
,,,,,99999,无奖品,无奖品,0.0,0.333333333333,0.555555555556,209,1,1,1.0,,,,,,,
,,,,,1707180008801177984,2元,现金红包,2.5,0.333333333333,0.555555555556,516871,36393,333,0.009150111285137251,,,,,,,
,,,,,99999,无奖品,无奖品,0.0,0.333333333333,0.666666666667,235,1,1,1.0,,,,,,,
,,,,,1707180008801177984,2元,现金红包,2.5,0.333333333333,0.666666666667,516845,36389,330,0.009068674599466873,,,,,,,
,,,,,1707180008801177984,2元,现金红包,2.5,0.333333333333,0.777777777778,516829,36388,329,0.009041442233703418,,,,,,,
,,,,,99999,无奖品,无奖品,0.0,0.333333333333,0.777777777778,251,1,1,1.0,,,,,,,
,,,,,99999,无奖品,无奖品,0.0,0.333333333333,0.888888888889,269,100.00%,1,1.0,,,,,,,
,,,,,1707180008801177984,2元,现金红包,2.5,0.333333333333,0.888888888889,516811,36388,329,0.009041442233703418,,,,,,,
,,,,,1707180008801177984,2元,现金红包,2.5,0.333333333333,1.0,516787,36387,329,0.009041690713716436,,,,,,,
,,,,,99999,无奖品,无奖品,0.0,0.333333333333,1.0,293,1,1,1.0,,,,,,,
,,,,,1706050008801018310,5元,还款红包,6.25,0.444444444444,0.0,49,1,0,0.0,,,,,,,
,,,,,1706050008801017077,首期利率9折,折扣券,8.0,0.444444444444,0.0,24,3,0,0.0,,,,,,,
,,,,,1706050008801017082,5元,现金红包,6.25,0.444444444444,0.0,517080,27285,357,0.013084112149532711,,,,,,,
,,,,,1707180008801175820,2元,还款红包,2.5,0.444444444444,0.0,31,1,1,1.0,,,,,,,
,,,,,1707180008801177984,2元,现金红包,2.5,0.444444444444,0.0,36,2,1,0.5,,,,,,,
,,,,,1707180008801177984,2元,现金红包,2.5,0.444444444444,0.111111111111,298,21,13,0.6190476190476191,,,,,,,
,,,,,1706050008801017082,5元,现金红包,6.25,0.444444444444,0.111111111111,516707,27265,345,0.012653585182468365,,,,,,,
,,,,,99999,无奖品,无奖品,0.0,0.444444444444,0.111111111111,75,1,1,1.0,,,,,,,
,,,,,1707180008801177984,2元,现金红包,2.5,0.444444444444,0.222222222222,980,88,42,0.4772727272727273,,,,,,,
,,,,,1706050008801017082,5元,现金红包,6.25,0.444444444444,0.222222222222,515997,27228,321,0.011789334508594094,,,,,,,
,,,,,99999,无奖品,无奖品,0.0,0.444444444444,0.222222222222,103,1,1,1.0,,,,,,,
,,,,,99999,无奖品,无奖品,0.0,0.444444444444,0.333333333333,125,1,1,1.0,,,,,,,
,,,,,1707180008801177984,2元,现金红包,2.5,0.444444444444,0.333333333333,516955,36398,337,0.009258750480795648,,,,,,,
,,,,,1707180008801177984,2元,现金红包,2.5,0.444444444444,0.444444444444,516933,36398,337,0.009258750480795648,,,,,,,
,,,,,99999,无奖品,无奖品,0.0,0.444444444444,0.444444444444,147,1,1,1.0,,,,,,,
,,,,,1707180008801177984,2元,现金红包,2.5,0.444444444444,0.555555555556,516904,36396,335,0.009204308165732498,,,,,,,
,,,,,99999,无奖品,无奖品,0.0,0.444444444444,0.555555555556,176,1,1,1.0,,,,,,,
,,,,,99999,无奖品,无奖品,0.0,0.444444444444,0.666666666667,195,1,1,1.0,,,,,,,
,,,,,1707180008801177984,2元,现金红包,2.5,0.444444444444,0.666666666667,516885,36394,333,0.009149859867011046,,,,,,,
,,,,,1707180008801177984,2元,现金红包,2.5,0.444444444444,0.777777777778,516866,36393,333,0.009150111285137251,,,,,,,
,,,,,99999,无奖品,无奖品,0.0,0.444444444444,0.777777777778,214,1,1,1.0,,,,,,,
,,,,,99999,无奖品,无奖品,0.0,0.444444444444,0.888888888889,235,1,1,1.0,,,,,,,
,,,,,1707180008801177984,2元,现金红包,2.5,0.444444444444,0.888888888889,516845,36389,330,0.009068674599466873,,,,,,,
,,,,,1707180008801177984,2元,现金红包,2.5,0.444444444444,1.0,516836,36388,329,0.009041442233703418,,,,,,,
,,,,,99999,无奖品,无奖品,0.0,0.444444444444,1.0,244,1,1,1.0,,,,,,,
,,,,,1706050008801017077,首期利率9折,折扣券,8.0,0.555555555556,0,24,300.00%,0,0,,,,,,,
,,,,,1706050008801017082,5元,现金红包,6.25,0.555555555556,0.0,517080,27285,357,0.013084112149532711,,,,,,,
,,,,,1707180008801175820,2元,还款红包,2.5,0.555555555556,0.0,31,1,1,1.0,,,,,,,
,,,,,1707180008801177984,2元,现金红包,2.5,0.555555555556,0.0,36,2,1,0.5,,,,,,,
,,,,,1706050008801018310,5元,还款红包,6.25,0.555555555556,0.0,49,1,0,0.0,,,,,,,
,,,,,1706050008801017082,5元,现金红包,6.25,0.555555555556,0.111111111111,516760,2726800.00%,347,0.012725539093442864,,,,,,,
,,,,,1707180008801177984,2元,现金红包,2.5,0.555555555556,0.111111111111,258,16,11,0.6875,,,,,,,
,,,,,99999,无奖品,无奖品,0.0,0.555555555556,0.222222222222,91,100.00%,1,1.0,,,,,,,
,,,,,1706050008801017082,5元,现金红包,6.25,0.555555555556,0.222222222222,516521,27251,336,0.012329822758797843,,,,,,,
,,,,,1707180008801177984,2元,现金红包,2.5,0.555555555556,0.222222222222,468,35,17,0.4857142857142857,,,,,,,
,,,,,99999,无奖品,无奖品,0.0,0.555555555556,0.333333333333,113,1,1,1.0,,,,,,,
,,,,,1706050008801017082,5元,现金红包,6.25,0.555555555556,0.333333333333,511964,26972,227,0.008416135251371793,,,,,,,
,,,,,1707180008801177984,2元,现金红包,2.5,0.555555555556,0.333333333333,5003,401,139,0.34663341645885287,,,,,,,
,,,,,1707180008801177984,2元,现金红包,2.5,0.555555555556,0.444444444444,516951,36398,337,0.009258750480795648,,,,,,,
,,,,,99999,无奖品,无奖品,0.0,0.555555555556,0.444444444444,129,1,1,1.0,,,,,,,
,,,,,99999,无奖品,无奖品,0.0,0.555555555556,0.555555555556,147,1,1,1.0,,,,,,,
,,,,,1707180008801177984,2元,现金红包,2.5,0.555555555556,0.555555555556,516933,36398,337,0.009258750480795648,,,,,,,
,,,,,99999,无奖品,无奖品,0.0,0.555555555556,0.666666666667,169,1,1,1.0,,,,,,,
,,,,,1707180008801177984,2元,现金红包,2.5,0.555555555556,0.666666666667,516911,36396,335,0.009204308165732498,,,,,,,
,,,,,99999,无奖品,无奖品,0.0,0.555555555556,0.777777777778,190,1,1,1.0,,,,,,,
,,,,,1707180008801177984,2元,现金红包,2.5,0.555555555556,0.777777777778,516890,36395,334,0.009177084764390712,,,,,,,
,,,,,99999,无奖品,无奖品,0.0,0.555555555556,0.888888888889,205,1,1,1.0,,,,,,,
,,,,,1707180008801177984,2元,现金红包,2.5,0.555555555556,0.888888888889,516875,36394,333,0.009149859867011046,,,,,,,
,,,,,99999,无奖品,无奖品,0.0,0.555555555556,1.0,219,1,1,1.0,,,,,,,
,,,,,1707180008801177984,2元,现金红包,2.5,0.555555555556,1.0,516861,36393,333,0.009150111285137251,,,,,,,
,,,,,1707180008801175820,2元,还款红包,2.5,0.666666666667,0.0,31,100.00%,1,1.0,,,,,,,
,,,,,1707180008801177984,2元,现金红包,2.5,0.666666666667,0.0,36,2,1,0.5,,,,,,,
,,,,,1706050008801017077,首期利率9折,折扣券,8.0,0.666666666667,0.0,24,3,0,0.0,,,,,,,
,,,,,1706050008801017082,5元,现金红包,6.25,0.666666666667,0.0,517080,27285,357,0.013084112149532711,,,,,,,
,,,,,1706050008801018310,5元,还款红包,6.25,0.666666666667,0.0,49,1,0,0.0,,,,,,,
,,,,,1706050008801017082,5元,现金红包,6.25,0.666666666667,0.111111111111,516797,2727000.00%,349,0.0127979464613128,,,,,,,
,,,,,1707180008801177984,2元,现金红包,2.5,0.666666666667,0.111111111111,232,16,11,0.6875,,,,,,,
,,,,,1706050008801017082,5元,现金红包,6.25,0.666666666667,0.222222222222,516646,27262,342,0.012544934340840731,,,,,,,
,,,,,1707180008801177984,2元,现金红包,2.5,0.666666666667,0.222222222222,350,23,14,0.6086956521739131,,,,,,,
,,,,,99999,无奖品,无奖品,0.0,0.666666666667,0.222222222222,84,1,1,1.0,,,,,,,
,,,,,1706050008801017082,5元,现金红包,6.25,0.666666666667,0.333333333333,515997,2722800.00%,321,0.0117893345085941,,,,,,,
,,,,,99999,无奖品,无奖品,0.0,0.666666666667,0.333333333333,103,1,1,1.0,,,,,,,
,,,,,1707180008801177984,2元,现金红包,2.5,0.666666666667,0.333333333333,980,88,42,0.4772727272727273,,,,,,,
,,,,,1707180008801177984,2元,现金红包,2.5,0.666666666667,0.444444444444,58390,4562,275,0.06028057869355546,,,,,,,
,,,,,1706050008801017082,5元,现金红包,6.25,0.666666666667,0.444444444444,458571,23730,77,0.0032448377581120944,,,,,,,
,,,,,99999,无奖品,无奖品,0.0,0.666666666667,0.444444444444,119,1,1,1.0,,,,,,,
,,,,,1707180008801177984,2元,现金红包,2.5,0.666666666667,0.555555555556,516947,36398,337,0.009258750480795648,,,,,,,
,,,,,99999,无奖品,无奖品,0.0,0.666666666667,0.555555555556,133,1,1,1.0,,,,,,,
,,,,,1707180008801177984,2元,现金红包,2.5,0.666666666667,0.666666666667,516933,36398,337,0.009258750480795648,,,,,,,
,,,,,99999,无奖品,无奖品,0.0,0.666666666667,0.666666666667,147,1,1,1.0,,,,,,,
,,,,,1707180008801177984,2元,现金红包,2.5,0.666666666667,0.777777777778,516913,36396,335,0.009204308165732498,,,,,,,
,,,,,99999,无奖品,无奖品,0.0,0.666666666667,0.777777777778,167,1,1,1.0,,,,,,,
,,,,,99999,无奖品,无奖品,0.0,0.666666666667,0.888888888889,187,1,1,1.0,,,,,,,
,,,,,1707180008801177984,2元,现金红包,2.5,0.666666666667,0.888888888889,516893,3639500.00%,334,0.009177084764390712,,,,,,,
,,,,,1707180008801177984,2元,现金红包,2.5,0.666666666667,1.0,516885,36394,333,0.009149859867011046,,,,,,,
,,,,,99999,无奖品,无奖品,0.0,0.666666666667,1.0,195,1,1,1.0,,,,,,,
,,,,,1707180008801175820,2元,还款红包,2.5,0.777777777778,0.0,31,1,1,1.0,,,,,,,
,,,,,1707180008801177984,2元,现金红包,2.5,0.777777777778,0.0,36,2,1,0.5,,,,,,,
,,,,,1706050008801018310,5元,还款红包,6.25,0.777777777778,0.0,49,1,0,0.0,,,,,,,
,,,,,1706050008801017077,首期利率9折,折扣券,8.0,0.777777777778,0.0,24,3,0,0.0,,,,,,,
,,,,,1706050008801017082,5元,现金红包,6.25,0.777777777778,0.0,517080,27285,357,0.013084112149532711,,,,,,,
,,,,,1707180008801177984,2元,现金红包,2.5,0.777777777778,0.111111111111,223,14,10,0.7142857142857143,,,,,,,
,,,,,1706050008801017082,5元,现金红包,6.25,0.777777777778,0.111111111111,516812,27271,350,0.012834146162590297,,,,,,,
,,,,,1707180008801177984,2元,现金红包,2.5,0.777777777778,0.222222222222,321,22,13,0.5909090909090909,,,,,,,
,,,,,1706050008801017082,5元,现金红包,6.25,0.777777777778,0.222222222222,516679,27262,342,0.012544934340840731,,,,,,,
,,,,,99999,无奖品,无奖品,0.0,0.777777777778,0.222222222222,80,1,1,1.0,,,,,,,
,,,,,99999,无奖品,无奖品,0.0,0.777777777778,0.333333333333,96,100.00%,1,1.0,,,,,,,
,,,,,1706050008801017082,5元,现金红包,6.25,0.777777777778,0.333333333333,516437,27248,333,0.012221080446271286,,,,,,,
,,,,,1707180008801177984,2元,现金红包,2.5,0.777777777778,0.333333333333,547,42,20,0.47619047619047616,,,,,,,
,,,,,99999,无奖品,无奖品,0.0,0.777777777778,0.444444444444,106,1,1,1.0,,,,,,,
,,,,,1707180008801177984,2元,现金红包,2.5,0.777777777778,0.444444444444,2889,238,105,0.4411764705882353,,,,,,,
,,,,,1706050008801017082,5元,现金红包,6.25,0.777777777778,0.444444444444,514085,27115,270,0.009957588050894339,,,,,,,
,,,,,1707180008801177984,2元,现金红包,2.5,0.777777777778,0.555555555556,516960,3639900.00%,338,0.009285969394763593,,,,,,,
,,,,,99999,无奖品,无奖品,0.0,0.777777777778,0.555555555556,120,1,1,1.0,,,,,,,
,,,,,99999,无奖品,无奖品,0.0,0.777777777778,0.666666666667,136,1,1,1.0,,,,,,,
,,,,,1707180008801177984,2元,现金红包,2.5,0.777777777778,0.666666666667,516944,36398,337,0.009258750480795648,,,,,,,
,,,,,1707180008801177984,2元,现金红包,2.5,0.777777777778,0.777777777778,516933,3639800.00%,337,0.009258750480795648,,,,,,,
,,,,,99999,无奖品,无奖品,0.0,0.777777777778,0.777777777778,147,1,1,1.0,,,,,,,
,,,,,99999,无奖品,无奖品,0.0,0.777777777778,0.888888888889,164,1,1,1.0,,,,,,,
,,,,,1707180008801177984,2元,现金红包,2.5,0.777777777778,0.888888888889,516916,36396,335,0.009204308165732498,,,,,,,
,,,,,1707180008801177984,2元,现金红包,2.5,0.777777777778,1.0,516901,36396,335,0.009204308165732498,,,,,,,
,,,,,99999,无奖品,无奖品,0.0,0.777777777778,1.0,179,1,1,1.0,,,,,,,
,,,,,1706050008801018310,5元,还款红包,6.3,0.888888888889,0,49,100.00%,0,0,,,,,,,
,,,,,1707180008801177984,2元,现金红包,2.5,0.888888888889,0.0,36,2,1,0.5,,,,,,,
,,,,,1706050008801017077,首期利率9折,折扣券,8.0,0.888888888889,0.0,24,3,0,0.0,,,,,,,
,,,,,1707180008801175820,2元,还款红包,2.5,0.888888888889,0.0,31,1,1,1.0,,,,,,,
,,,,,1706050008801017082,5元,现金红包,6.25,0.888888888889,0.0,517080,27285,357,0.013084112149532711,,,,,,,
,,,,,1707180008801177984,2元,现金红包,2.5,0.888888888889,0.111111111111,217,15,10,0.6666666666666666,,,,,,,
,,,,,1706050008801017082,5元,现金红包,6.25,0.888888888889,0.111111111111,516823,27271,350,0.012834146162590297,,,,,,,
,,,,,1706050008801017082,5元,现金红包,6.25,0.888888888889,0.222222222222,516707,27265,345,0.012653585182468365,,,,,,,
,,,,,1707180008801177984,2元,现金红包,2.5,0.888888888889,0.222222222222,298,21,13,0.6190476190476191,,,,,,,
,,,,,99999,无奖品,无奖品,0.0,0.888888888889,0.222222222222,75,1,1,1.0,,,,,,,
,,,,,99999,无奖品,无奖品,0.0,0.888888888889,0.333333333333,90,1,1,1.0,,,,,,,
,,,,,1706050008801017082,5元,现金红包,6.25,0.888888888889,0.333333333333,516612,27260,342,0.012545854732208364,,,,,,,
,,,,,1707180008801177984,2元,现金红包,2.5,0.888888888889,0.333333333333,378,29,16,0.5517241379310345,,,,,,,
,,,,,1707180008801177984,2元,现金红包,2.5,0.888888888889,0.444444444444,980,88,42,0.4772727272727273,,,,,,,
,,,,,1706050008801017082,5元,现金红包,6.25,0.888888888889,0.444444444444,515997,27228,321,0.011789334508594094,,,,,,,
,,,,,99999,无奖品,无奖品,0.0,0.888888888889,0.444444444444,103,1,1,1.0,,,,,,,
,,,,,1707180008801177984,2元,现金红包,2.5,0.888888888889,0.555555555556,9536,746,175,0.23458445040214476,,,,,,,
,,,,,99999,无奖品,无奖品,0.0,0.888888888889,0.555555555556,116,100.00%,1,1.0,,,,,,,
,,,,,1706050008801017082,5元,现金红包,6.25,0.888888888889,0.555555555556,507428,26688,184,0.006894484412470024,,,,,,,
,,,,,99999,无奖品,无奖品,0.0,0.888888888889,0.666666666667,125,1,1,1.0,,,,,,,
,,,,,1707180008801177984,2元,现金红包,2.5,0.888888888889,0.666666666667,516955,36398,337,0.009258750480795648,,,,,,,
,,,,,99999,无奖品,无奖品,0.0,0.888888888889,0.777777777778,137,1,1,1.0,,,,,,,
,,,,,1707180008801177984,2元,现金红包,2.5,0.888888888889,0.777777777778,516943,36398,337,0.009258750480795648,,,,,,,
,,,,,99999,无奖品,无奖品,0.0,0.888888888889,0.888888888889,147,1,1,1.0,,,,,,,
,,,,,1707180008801177984,2元,现金红包,2.5,0.888888888889,0.888888888889,516933,36398,337,0.009258750480795648,,,,,,,
,,,,,99999,无奖品,无奖品,0.0,0.888888888889,1.0,163,100.00%,1,1.0,,,,,,,
,,,,,1707180008801177984,2元,现金红包,2.5,0.888888888889,1.0,516917,36396,335,0.009204308165732498,,,,,,,
,,,,,1706050008801018310,5元,还款红包,6.25,1.0,0.0,49,1,0,0.0,,,,,,,
,,,,,1706050008801017077,首期利率9折,折扣券,8.0,1.0,0.0,24,3,0,0.0,,,,,,,
,,,,,1707180008801175820,2元,还款红包,2.5,1.0,0.0,31,1,1,1.0,,,,,,,
,,,,,1707180008801177984,2元,现金红包,2.5,1.0,0.0,36,2,1,0.5,,,,,,,
,,,,,1706050008801017082,5元,现金红包,6.25,1.0,0.0,517080,27285,357,0.013084112149532711,,,,,,,
,,,,,1706050008801017082,5元,现金红包,6.25,1.0,0.111111111111,516839,27272,351,0.012870343209152244,,,,,,,
,,,,,1707180008801177984,2元,现金红包,2.5,1.0,0.111111111111,202,14,9,0.6428571428571429,,,,,,,
,,,,,1707180008801177984,2元,现金红包,2.5,1.0,0.222222222222,277,16,11,0.6875,,,,,,,
,,,,,1706050008801017082,5元,现金红包,6.25,1.0,0.222222222222,516735,27266,346,0.012689796816548082,,,,,,,
,,,,,99999,无奖品,无奖品,0.0,1.0,0.333333333333,84,1,1,1.0,,,,,,,
,,,,,1707180008801177984,2元,现金红包,2.5,1.0,0.333333333333,350,23,14,0.6086956521739131,,,,,,,
,,,,,1706050008801017082,5元,现金红包,6.25,1.0,0.333333333333,516646,27262,342,0.012544934340840731,,,,,,,
,,,,,1706050008801017082,5元,现金红包,6.25,1.0,0.444444444444,516412,27248,333,0.012221080446271286,,,,,,,
,,,,,99999,无奖品,无奖品,0.0,1.0,0.444444444444,97,1,1,1.0,,,,,,,
,,,,,1707180008801177984,2元,现金红包,2.5,1.0,0.444444444444,571,45,21,0.4666666666666667,,,,,,,
,,,,,99999,无奖品,无奖品,0.0,1.0,0.555555555556,105,1,1,1.0,,,,,,,
,,,,,1706050008801017082,5元,现金红包,6.25,1.0,0.555555555556,514709,27146,281,0.010351432991969351,,,,,,,
,,,,,1707180008801177984,2元,现金红包,2.5,1.0,0.555555555556,2266,188,89,0.4734042553191489,,,,,,,
,,,,,99999,无奖品,无奖品,0.0,1.0,0.666666666667,119,1,1,1.0,,,,,,,
,,,,,1707180008801177984,2元,现金红包,2.5,1.0,0.666666666667,58390,4562,275,0.06028057869355546,,,,,,,
,,,,,1706050008801017082,5元,现金红包,6.25,1.0,0.666666666667,458571,23730,77,0.0032448377581120944,,,,,,,
,,,,,1707180008801177984,2元,现金红包,2.5,1.0,0.777777777778,516952,36398,337,0.009258750480795648,,,,,,,
,,,,,99999,无奖品,无奖品,0.0,1.0,0.777777777778,128,1,1,1.0,,,,,,,
,,,,,1707180008801177984,2元,现金红包,2.5,1.0,0.888888888889,516942,36398,337,0.009258750480795648,,,,,,,
,,,,,99999,无奖品,无奖品,0.0,1.0,0.888888888889,138,1,1,1.0,,,,,,,
,,,,,1707180008801177984,2元,现金红包,2.5,1.0,1.0,516933,36398,337,0.009258750480795648,,,,,,,
,,,,,99999,无奖品,无奖品,0.0,1.0,1.0,147,1,1,1.0,,,,,,,